--------------------------------------------------------
--  File created - Saturday-March-12-2022   
--------------------------------------------------------
DROP SEQUENCE "ROOT"."CERTIFICATIONS_ID_SEQ";
DROP SEQUENCE "ROOT"."CONTACT_ID_SEQ";
DROP SEQUENCE "ROOT"."LANGUAGES_ID_SEQ";
DROP SEQUENCE "ROOT"."SKILL_ID_SEQ";
DROP SEQUENCE "ROOT"."USER_CONTACTS_SEQ";
DROP TABLE "ROOT"."CERTIFICATIONS" cascade constraints;
DROP TABLE "ROOT"."LANGUAGES" cascade constraints;
DROP TABLE "ROOT"."SKILLS" cascade constraints;
DROP TABLE "ROOT"."USERS" cascade constraints;
DROP TABLE "ROOT"."USER_CERTIFICATIONS" cascade constraints;
DROP TABLE "ROOT"."USER_CONTACTS" cascade constraints;
DROP TABLE "ROOT"."USER_LANGUAGES" cascade constraints;
DROP TABLE "ROOT"."USER_SKILLS" cascade constraints;
--------------------------------------------------------
--  DDL for Sequence CERTIFICATIONS_ID_SEQ
--------------------------------------------------------

   CREATE SEQUENCE  "ROOT"."CERTIFICATIONS_ID_SEQ"  MINVALUE 1 MAXVALUE 9999999999999999999999999999 INCREMENT BY 1 START WITH 292 CACHE 20 NOORDER  NOCYCLE ;
--------------------------------------------------------
--  DDL for Sequence CONTACT_ID_SEQ
--------------------------------------------------------

   CREATE SEQUENCE  "ROOT"."CONTACT_ID_SEQ"  MINVALUE 1 MAXVALUE 9999999999999999999999999999 INCREMENT BY 1 START WITH 100 CACHE 20 NOORDER  NOCYCLE ;
--------------------------------------------------------
--  DDL for Sequence LANGUAGES_ID_SEQ
--------------------------------------------------------

   CREATE SEQUENCE  "ROOT"."LANGUAGES_ID_SEQ"  MINVALUE 1 MAXVALUE 9999999999999999999999999999 INCREMENT BY 1 START WITH 236 CACHE 20 NOORDER  NOCYCLE ;
--------------------------------------------------------
--  DDL for Sequence SKILL_ID_SEQ
--------------------------------------------------------

   CREATE SEQUENCE  "ROOT"."SKILL_ID_SEQ"  MINVALUE 1 MAXVALUE 9999999999999999999999999999 INCREMENT BY 1 START WITH 1121 CACHE 20 NOORDER  NOCYCLE ;
--------------------------------------------------------
--  DDL for Sequence USER_CONTACTS_SEQ
--------------------------------------------------------

   CREATE SEQUENCE  "ROOT"."USER_CONTACTS_SEQ"  MINVALUE 1 MAXVALUE 9999999999999999999999999999 INCREMENT BY 1 START WITH 248 CACHE 20 NOORDER  NOCYCLE ;
--------------------------------------------------------
--  DDL for Table CERTIFICATIONS
--------------------------------------------------------

  CREATE TABLE "ROOT"."CERTIFICATIONS" 
   (	"CERT_ID" NUMBER(*,0), 
	"TYPE" VARCHAR2(200 BYTE), 
	"TITLE" VARCHAR2(250 BYTE)
   ) SEGMENT CREATION IMMEDIATE 
  PCTFREE 10 PCTUSED 40 INITRANS 1 MAXTRANS 255 NOCOMPRESS LOGGING
  STORAGE(INITIAL 65536 NEXT 1048576 MINEXTENTS 1 MAXEXTENTS 2147483645
  PCTINCREASE 0 FREELISTS 1 FREELIST GROUPS 1 BUFFER_POOL DEFAULT FLASH_CACHE DEFAULT CELL_FLASH_CACHE DEFAULT)
  TABLESPACE "USERS" ;
--------------------------------------------------------
--  DDL for Table LANGUAGES
--------------------------------------------------------

  CREATE TABLE "ROOT"."LANGUAGES" 
   (	"LANG_ID" NUMBER(*,0), 
	"LANG_NAME" VARCHAR2(200 BYTE)
   ) SEGMENT CREATION IMMEDIATE 
  PCTFREE 10 PCTUSED 40 INITRANS 1 MAXTRANS 255 NOCOMPRESS LOGGING
  STORAGE(INITIAL 65536 NEXT 1048576 MINEXTENTS 1 MAXEXTENTS 2147483645
  PCTINCREASE 0 FREELISTS 1 FREELIST GROUPS 1 BUFFER_POOL DEFAULT FLASH_CACHE DEFAULT CELL_FLASH_CACHE DEFAULT)
  TABLESPACE "USERS" ;
--------------------------------------------------------
--  DDL for Table SKILLS
--------------------------------------------------------

  CREATE TABLE "ROOT"."SKILLS" 
   (	"SKILL_ID" NUMBER(*,0), 
	"TITLE" VARCHAR2(250 BYTE)
   ) SEGMENT CREATION IMMEDIATE 
  PCTFREE 10 PCTUSED 40 INITRANS 1 MAXTRANS 255 NOCOMPRESS LOGGING
  STORAGE(INITIAL 65536 NEXT 1048576 MINEXTENTS 1 MAXEXTENTS 2147483645
  PCTINCREASE 0 FREELISTS 1 FREELIST GROUPS 1 BUFFER_POOL DEFAULT FLASH_CACHE DEFAULT CELL_FLASH_CACHE DEFAULT)
  TABLESPACE "USERS" ;
--------------------------------------------------------
--  DDL for Table USERS
--------------------------------------------------------

  CREATE TABLE "ROOT"."USERS" 
   (	"USER_ID" VARCHAR2(50 BYTE), 
	"FULL_NAME" VARCHAR2(400 BYTE), 
	"O_NAME" VARCHAR2(250 BYTE), 
	"PASS" VARCHAR2(12 BYTE), 
	"GENDER" VARCHAR2(1 BYTE), 
	"BIRTHDATE" DATE
   ) SEGMENT CREATION IMMEDIATE 
  PCTFREE 10 PCTUSED 40 INITRANS 1 MAXTRANS 255 NOCOMPRESS LOGGING
  STORAGE(INITIAL 65536 NEXT 1048576 MINEXTENTS 1 MAXEXTENTS 2147483645
  PCTINCREASE 0 FREELISTS 1 FREELIST GROUPS 1 BUFFER_POOL DEFAULT FLASH_CACHE DEFAULT CELL_FLASH_CACHE DEFAULT)
  TABLESPACE "USERS" ;
--------------------------------------------------------
--  DDL for Table USER_CERTIFICATIONS
--------------------------------------------------------

  CREATE TABLE "ROOT"."USER_CERTIFICATIONS" 
   (	"USER_ID" VARCHAR2(50 BYTE), 
	"CERT_ID" NUMBER(*,0), 
	"CERT_TITLE" VARCHAR2(100 BYTE), 
	"CERT_SOURCE" VARCHAR2(200 BYTE)
   ) SEGMENT CREATION IMMEDIATE 
  PCTFREE 10 PCTUSED 40 INITRANS 1 MAXTRANS 255 NOCOMPRESS LOGGING
  STORAGE(INITIAL 65536 NEXT 1048576 MINEXTENTS 1 MAXEXTENTS 2147483645
  PCTINCREASE 0 FREELISTS 1 FREELIST GROUPS 1 BUFFER_POOL DEFAULT FLASH_CACHE DEFAULT CELL_FLASH_CACHE DEFAULT)
  TABLESPACE "USERS" ;
--------------------------------------------------------
--  DDL for Table USER_CONTACTS
--------------------------------------------------------

  CREATE TABLE "ROOT"."USER_CONTACTS" 
   (	"USER_ID" VARCHAR2(50 BYTE), 
	"CONTACT_NUM" NUMBER(*,0), 
	"CONTACT_ADDRESS" VARCHAR2(100 BYTE)
   ) SEGMENT CREATION IMMEDIATE 
  PCTFREE 10 PCTUSED 40 INITRANS 1 MAXTRANS 255 NOCOMPRESS LOGGING
  STORAGE(INITIAL 65536 NEXT 1048576 MINEXTENTS 1 MAXEXTENTS 2147483645
  PCTINCREASE 0 FREELISTS 1 FREELIST GROUPS 1 BUFFER_POOL DEFAULT FLASH_CACHE DEFAULT CELL_FLASH_CACHE DEFAULT)
  TABLESPACE "USERS" ;
--------------------------------------------------------
--  DDL for Table USER_LANGUAGES
--------------------------------------------------------

  CREATE TABLE "ROOT"."USER_LANGUAGES" 
   (	"USER_ID" VARCHAR2(50 BYTE), 
	"LANG_ID" NUMBER(*,0), 
	"LANG_NAME" VARCHAR2(100 BYTE)
   ) SEGMENT CREATION IMMEDIATE 
  PCTFREE 10 PCTUSED 40 INITRANS 1 MAXTRANS 255 NOCOMPRESS LOGGING
  STORAGE(INITIAL 65536 NEXT 1048576 MINEXTENTS 1 MAXEXTENTS 2147483645
  PCTINCREASE 0 FREELISTS 1 FREELIST GROUPS 1 BUFFER_POOL DEFAULT FLASH_CACHE DEFAULT CELL_FLASH_CACHE DEFAULT)
  TABLESPACE "USERS" ;
--------------------------------------------------------
--  DDL for Table USER_SKILLS
--------------------------------------------------------

  CREATE TABLE "ROOT"."USER_SKILLS" 
   (	"USER_ID" VARCHAR2(50 BYTE), 
	"SKILL_ID" NUMBER(*,0), 
	"SKILL_TITLE" VARCHAR2(100 BYTE), 
	"SKILL_DESC" VARCHAR2(4000 BYTE)
   ) SEGMENT CREATION IMMEDIATE 
  PCTFREE 10 PCTUSED 40 INITRANS 1 MAXTRANS 255 NOCOMPRESS LOGGING
  STORAGE(INITIAL 65536 NEXT 1048576 MINEXTENTS 1 MAXEXTENTS 2147483645
  PCTINCREASE 0 FREELISTS 1 FREELIST GROUPS 1 BUFFER_POOL DEFAULT FLASH_CACHE DEFAULT CELL_FLASH_CACHE DEFAULT)
  TABLESPACE "USERS" ;
REM INSERTING into ROOT.CERTIFICATIONS
SET DEFINE OFF;
Insert into ROOT.CERTIFICATIONS (CERT_ID,TYPE,TITLE) values (252,'Course','Web ');
Insert into ROOT.CERTIFICATIONS (CERT_ID,TYPE,TITLE) values (272,'DS Traning','Front-end Developer');
commit;
REM INSERTING into ROOT.LANGUAGES
SET DEFINE OFF;
Insert into ROOT.LANGUAGES (LANG_ID,LANG_NAME) values (217,'English');
Insert into ROOT.LANGUAGES (LANG_ID,LANG_NAME) values (196,'Arabic');
Insert into ROOT.LANGUAGES (LANG_ID,LANG_NAME) values (197,'English');
Insert into ROOT.LANGUAGES (LANG_ID,LANG_NAME) values (216,'Arabic');
commit;
REM INSERTING into ROOT.SKILLS
SET DEFINE OFF;
Insert into ROOT.SKILLS (SKILL_ID,TITLE) values (1081,'Java Developer');
Insert into ROOT.SKILLS (SKILL_ID,TITLE) values (1101,'Front end');
commit;
REM INSERTING into ROOT.USERS
SET DEFINE OFF;
Insert into ROOT.USERS (USER_ID,FULL_NAME,O_NAME,PASS,GENDER,BIRTHDATE) values ('ITPro2025','Ahmad Natheer Yousef Jber','???? ???? ???? ???','1234','M',to_date('27-DEC-01','DD-MON-RR'));
Insert into ROOT.USERS (USER_ID,FULL_NAME,O_NAME,PASS,GENDER,BIRTHDATE) values ('tmansour720','Tamer Mohammad Ahmad Mansour','???? ???? ???? ?????','t1234','M',to_date('10-AUG-01','DD-MON-RR'));
commit;
REM INSERTING into ROOT.USER_CERTIFICATIONS
SET DEFINE OFF;
Insert into ROOT.USER_CERTIFICATIONS (USER_ID,CERT_ID,CERT_TITLE,CERT_SOURCE) values ('ITPro2025',252,'Web ','ALQuds Center');
Insert into ROOT.USER_CERTIFICATIONS (USER_ID,CERT_ID,CERT_TITLE,CERT_SOURCE) values ('tmansour720',272,'Front-end Developer','Axous Academy');
commit;
REM INSERTING into ROOT.USER_CONTACTS
SET DEFINE OFF;
Insert into ROOT.USER_CONTACTS (USER_ID,CONTACT_NUM,CONTACT_ADDRESS) values ('ITPro2025',208,'+970592564268');
Insert into ROOT.USER_CONTACTS (USER_ID,CONTACT_NUM,CONTACT_ADDRESS) values ('tmansour720',228,'+972 59-759-8709');
commit;
REM INSERTING into ROOT.USER_LANGUAGES
SET DEFINE OFF;
Insert into ROOT.USER_LANGUAGES (USER_ID,LANG_ID,LANG_NAME) values ('ITPro2025',196,'Arabic');
Insert into ROOT.USER_LANGUAGES (USER_ID,LANG_ID,LANG_NAME) values ('tmansour720',196,'Arabic');
Insert into ROOT.USER_LANGUAGES (USER_ID,LANG_ID,LANG_NAME) values ('ITPro2025',197,'English');
Insert into ROOT.USER_LANGUAGES (USER_ID,LANG_ID,LANG_NAME) values ('tmansour720',217,'English');
commit;
REM INSERTING into ROOT.USER_SKILLS
SET DEFINE OFF;
Insert into ROOT.USER_SKILLS (USER_ID,SKILL_ID,SKILL_TITLE,SKILL_DESC) values ('ITPro2025',1081,'Java Developer','Any Thing');
Insert into ROOT.USER_SKILLS (USER_ID,SKILL_ID,SKILL_TITLE,SKILL_DESC) values ('tmansour720',1101,'Front end','Im tranee in axous ag in react framework');
commit;
--------------------------------------------------------
--  DDL for Index COMP_KEY_UL
--------------------------------------------------------

  CREATE UNIQUE INDEX "ROOT"."COMP_KEY_UL" ON "ROOT"."USER_LANGUAGES" ("USER_ID", "LANG_ID") 
  PCTFREE 10 INITRANS 2 MAXTRANS 255 COMPUTE STATISTICS 
  STORAGE(INITIAL 65536 NEXT 1048576 MINEXTENTS 1 MAXEXTENTS 2147483645
  PCTINCREASE 0 FREELISTS 1 FREELIST GROUPS 1 BUFFER_POOL DEFAULT FLASH_CACHE DEFAULT CELL_FLASH_CACHE DEFAULT)
  TABLESPACE "USERS" ;
--------------------------------------------------------
--  DDL for Index COMP_KEY_UC
--------------------------------------------------------

  CREATE UNIQUE INDEX "ROOT"."COMP_KEY_UC" ON "ROOT"."USER_CERTIFICATIONS" ("USER_ID", "CERT_ID") 
  PCTFREE 10 INITRANS 2 MAXTRANS 255 COMPUTE STATISTICS 
  STORAGE(INITIAL 65536 NEXT 1048576 MINEXTENTS 1 MAXEXTENTS 2147483645
  PCTINCREASE 0 FREELISTS 1 FREELIST GROUPS 1 BUFFER_POOL DEFAULT FLASH_CACHE DEFAULT CELL_FLASH_CACHE DEFAULT)
  TABLESPACE "USERS" ;
--------------------------------------------------------
--  DDL for Index COMP_KEY
--------------------------------------------------------

  CREATE UNIQUE INDEX "ROOT"."COMP_KEY" ON "ROOT"."USER_SKILLS" ("USER_ID", "SKILL_ID") 
  PCTFREE 10 INITRANS 2 MAXTRANS 255 COMPUTE STATISTICS 
  STORAGE(INITIAL 65536 NEXT 1048576 MINEXTENTS 1 MAXEXTENTS 2147483645
  PCTINCREASE 0 FREELISTS 1 FREELIST GROUPS 1 BUFFER_POOL DEFAULT FLASH_CACHE DEFAULT CELL_FLASH_CACHE DEFAULT)
  TABLESPACE "USERS" ;
--------------------------------------------------------
--  DDL for Index COMP_KEY_UCO
--------------------------------------------------------

  CREATE UNIQUE INDEX "ROOT"."COMP_KEY_UCO" ON "ROOT"."USER_CONTACTS" ("USER_ID", "CONTACT_NUM") 
  PCTFREE 10 INITRANS 2 MAXTRANS 255 COMPUTE STATISTICS 
  STORAGE(INITIAL 65536 NEXT 1048576 MINEXTENTS 1 MAXEXTENTS 2147483645
  PCTINCREASE 0 FREELISTS 1 FREELIST GROUPS 1 BUFFER_POOL DEFAULT FLASH_CACHE DEFAULT CELL_FLASH_CACHE DEFAULT)
  TABLESPACE "USERS" ;
--------------------------------------------------------
--  DDL for Trigger CERT_BIR
--------------------------------------------------------

  CREATE OR REPLACE TRIGGER "ROOT"."CERT_BIR"     BEFORE INSERT ON CERTIFICATIONS    FOR EACH ROWBEGIN
    SELECT CERTIFICATIONS_ID_SEQ.NEXTVAL
    INTO   :new.CERT_ID
    FROM   dual;
END;
/
ALTER TRIGGER "ROOT"."CERT_BIR" ENABLE;
--------------------------------------------------------
--  DDL for Trigger LANG_BIR
--------------------------------------------------------

  CREATE OR REPLACE TRIGGER "ROOT"."LANG_BIR"     BEFORE INSERT ON LANGUAGES    FOR EACH ROWBEGIN
    SELECT LANGUAGES_ID_SEQ.NEXTVAL
    INTO   :new.LANG_ID
    FROM   dual;
END;
/
ALTER TRIGGER "ROOT"."LANG_BIR" ENABLE;
--------------------------------------------------------
--  DDL for Trigger SKILL_BIR
--------------------------------------------------------

  CREATE OR REPLACE TRIGGER "ROOT"."SKILL_BIR"     BEFORE INSERT ON SKILLS    FOR EACH ROWBEGIN
    SELECT SKILL_ID_SEQ.NEXTVAL
    INTO   :new.SKILL_ID
    FROM   dual;
END;
/
ALTER TRIGGER "ROOT"."SKILL_BIR" ENABLE;
--------------------------------------------------------
--  DDL for Trigger USER_CONTACTS_SEQ
--------------------------------------------------------

  CREATE OR REPLACE TRIGGER "ROOT"."USER_CONTACTS_SEQ"     BEFORE INSERT ON USER_CONTACTS    FOR EACH ROWBEGIN
    SELECT USER_CONTACTS_SEQ.NEXTVAL
    INTO   :new.CONTACT_NUM
    FROM   dual;
END;
/
ALTER TRIGGER "ROOT"."USER_CONTACTS_SEQ" ENABLE;
--------------------------------------------------------
--  Constraints for Table USER_CONTACTS
--------------------------------------------------------

  ALTER TABLE "ROOT"."USER_CONTACTS" ADD CONSTRAINT "COMP_KEY_UCO" PRIMARY KEY ("USER_ID", "CONTACT_NUM")
  USING INDEX PCTFREE 10 INITRANS 2 MAXTRANS 255 COMPUTE STATISTICS 
  STORAGE(INITIAL 65536 NEXT 1048576 MINEXTENTS 1 MAXEXTENTS 2147483645
  PCTINCREASE 0 FREELISTS 1 FREELIST GROUPS 1 BUFFER_POOL DEFAULT FLASH_CACHE DEFAULT CELL_FLASH_CACHE DEFAULT)
  TABLESPACE "USERS"  ENABLE;
--------------------------------------------------------
--  Constraints for Table USER_LANGUAGES
--------------------------------------------------------

  ALTER TABLE "ROOT"."USER_LANGUAGES" ADD CONSTRAINT "COMP_KEY_UL" PRIMARY KEY ("USER_ID", "LANG_ID")
  USING INDEX PCTFREE 10 INITRANS 2 MAXTRANS 255 COMPUTE STATISTICS 
  STORAGE(INITIAL 65536 NEXT 1048576 MINEXTENTS 1 MAXEXTENTS 2147483645
  PCTINCREASE 0 FREELISTS 1 FREELIST GROUPS 1 BUFFER_POOL DEFAULT FLASH_CACHE DEFAULT CELL_FLASH_CACHE DEFAULT)
  TABLESPACE "USERS"  ENABLE;
--------------------------------------------------------
--  Constraints for Table USER_SKILLS
--------------------------------------------------------

  ALTER TABLE "ROOT"."USER_SKILLS" ADD CONSTRAINT "COMP_KEY" PRIMARY KEY ("USER_ID", "SKILL_ID")
  USING INDEX PCTFREE 10 INITRANS 2 MAXTRANS 255 COMPUTE STATISTICS 
  STORAGE(INITIAL 65536 NEXT 1048576 MINEXTENTS 1 MAXEXTENTS 2147483645
  PCTINCREASE 0 FREELISTS 1 FREELIST GROUPS 1 BUFFER_POOL DEFAULT FLASH_CACHE DEFAULT CELL_FLASH_CACHE DEFAULT)
  TABLESPACE "USERS"  ENABLE;
--------------------------------------------------------
--  Constraints for Table SKILLS
--------------------------------------------------------

  ALTER TABLE "ROOT"."SKILLS" ADD PRIMARY KEY ("SKILL_ID")
  USING INDEX PCTFREE 10 INITRANS 2 MAXTRANS 255 COMPUTE STATISTICS 
  STORAGE(INITIAL 65536 NEXT 1048576 MINEXTENTS 1 MAXEXTENTS 2147483645
  PCTINCREASE 0 FREELISTS 1 FREELIST GROUPS 1 BUFFER_POOL DEFAULT FLASH_CACHE DEFAULT CELL_FLASH_CACHE DEFAULT)
  TABLESPACE "USERS"  ENABLE;
--------------------------------------------------------
--  Constraints for Table CERTIFICATIONS
--------------------------------------------------------

  ALTER TABLE "ROOT"."CERTIFICATIONS" ADD PRIMARY KEY ("CERT_ID")
  USING INDEX PCTFREE 10 INITRANS 2 MAXTRANS 255 COMPUTE STATISTICS 
  STORAGE(INITIAL 65536 NEXT 1048576 MINEXTENTS 1 MAXEXTENTS 2147483645
  PCTINCREASE 0 FREELISTS 1 FREELIST GROUPS 1 BUFFER_POOL DEFAULT FLASH_CACHE DEFAULT CELL_FLASH_CACHE DEFAULT)
  TABLESPACE "USERS"  ENABLE;
--------------------------------------------------------
--  Constraints for Table LANGUAGES
--------------------------------------------------------

  ALTER TABLE "ROOT"."LANGUAGES" ADD PRIMARY KEY ("LANG_ID")
  USING INDEX PCTFREE 10 INITRANS 2 MAXTRANS 255 COMPUTE STATISTICS 
  STORAGE(INITIAL 65536 NEXT 1048576 MINEXTENTS 1 MAXEXTENTS 2147483645
  PCTINCREASE 0 FREELISTS 1 FREELIST GROUPS 1 BUFFER_POOL DEFAULT FLASH_CACHE DEFAULT CELL_FLASH_CACHE DEFAULT)
  TABLESPACE "USERS"  ENABLE;
--------------------------------------------------------
--  Constraints for Table USERS
--------------------------------------------------------

  ALTER TABLE "ROOT"."USERS" ADD PRIMARY KEY ("USER_ID")
  USING INDEX PCTFREE 10 INITRANS 2 MAXTRANS 255 COMPUTE STATISTICS 
  STORAGE(INITIAL 65536 NEXT 1048576 MINEXTENTS 1 MAXEXTENTS 2147483645
  PCTINCREASE 0 FREELISTS 1 FREELIST GROUPS 1 BUFFER_POOL DEFAULT FLASH_CACHE DEFAULT CELL_FLASH_CACHE DEFAULT)
  TABLESPACE "USERS"  ENABLE;
--------------------------------------------------------
--  Constraints for Table USER_CERTIFICATIONS
--------------------------------------------------------

  ALTER TABLE "ROOT"."USER_CERTIFICATIONS" ADD CONSTRAINT "COMP_KEY_UC" PRIMARY KEY ("USER_ID", "CERT_ID")
  USING INDEX PCTFREE 10 INITRANS 2 MAXTRANS 255 COMPUTE STATISTICS 
  STORAGE(INITIAL 65536 NEXT 1048576 MINEXTENTS 1 MAXEXTENTS 2147483645
  PCTINCREASE 0 FREELISTS 1 FREELIST GROUPS 1 BUFFER_POOL DEFAULT FLASH_CACHE DEFAULT CELL_FLASH_CACHE DEFAULT)
  TABLESPACE "USERS"  ENABLE;
--------------------------------------------------------
--  Ref Constraints for Table USER_CERTIFICATIONS
--------------------------------------------------------

  ALTER TABLE "ROOT"."USER_CERTIFICATIONS" ADD CONSTRAINT "FK_USER_CERTIFICATIONS_CE" FOREIGN KEY ("CERT_ID")
	  REFERENCES "ROOT"."CERTIFICATIONS" ("CERT_ID") ON DELETE CASCADE ENABLE;
  ALTER TABLE "ROOT"."USER_CERTIFICATIONS" ADD CONSTRAINT "FK_USER_CERTIFICATIONS_US" FOREIGN KEY ("USER_ID")
	  REFERENCES "ROOT"."USERS" ("USER_ID") ON DELETE CASCADE ENABLE;
--------------------------------------------------------
--  Ref Constraints for Table USER_CONTACTS
--------------------------------------------------------

  ALTER TABLE "ROOT"."USER_CONTACTS" ADD CONSTRAINT "FK_USER_CONTACTS_US" FOREIGN KEY ("USER_ID")
	  REFERENCES "ROOT"."USERS" ("USER_ID") ON DELETE CASCADE ENABLE;
--------------------------------------------------------
--  Ref Constraints for Table USER_LANGUAGES
--------------------------------------------------------

  ALTER TABLE "ROOT"."USER_LANGUAGES" ADD CONSTRAINT "FK_USER_LANGUAGES_LA" FOREIGN KEY ("LANG_ID")
	  REFERENCES "ROOT"."LANGUAGES" ("LANG_ID") ON DELETE CASCADE ENABLE;
  ALTER TABLE "ROOT"."USER_LANGUAGES" ADD CONSTRAINT "FK_USER_LANGUAGES_US" FOREIGN KEY ("USER_ID")
	  REFERENCES "ROOT"."USERS" ("USER_ID") ON DELETE CASCADE ENABLE;
--------------------------------------------------------
--  Ref Constraints for Table USER_SKILLS
--------------------------------------------------------

  ALTER TABLE "ROOT"."USER_SKILLS" ADD CONSTRAINT "FK_USER_SKILLS" FOREIGN KEY ("USER_ID")
	  REFERENCES "ROOT"."USERS" ("USER_ID") ON DELETE CASCADE ENABLE;
  ALTER TABLE "ROOT"."USER_SKILLS" ADD CONSTRAINT "FK_USER_SKILLS_SK" FOREIGN KEY ("SKILL_ID")
	  REFERENCES "ROOT"."SKILLS" ("SKILL_ID") ON DELETE CASCADE ENABLE;
